id,numero_original,curso,tema,libro_codigo,codigo_instancia,archivo_origen,muestra
7352,1,SIN_CURSO,SIN_TEMA,cepre-sm-del-2018-ii-al-2020-i,s8_binomio_de_newton,E:\Banco de Preguntas\1. ALGEBRA\7. Editorial_Manhattan\Editores_Manhattan.pdf,\item[\textbf{1.}] Halle el término independiente de “x” en el desarrollo de $( x^{9} - \frac{1}{x} )^{100}$ .£A)$\binom{100}{90}$æB)$\binom{100}{94}$æC)$\binom{100}{95}$£D)$\binom{100}{98}$ææE)$\binom{100}{92}$£
7353,2,SIN_CURSO,SIN_TEMA,cepre-sm-del-2018-ii-al-2020-i,s8_binomio_de_newton,E:\Banco de Preguntas\1. ALGEBRA\7. Editorial_Manhattan\Editores_Manhattan.pdf,"\item[\textbf{2.}] Si el cuarto término del desarrollo del binomio $( x^{4} + x^{-3} )^{n}$ es de la forma $\alpha x^{24-n^{2}}$ , halle el valor numérico del tercer término cuando $x = \dfrac{\sqrt{3}}{2}$ .£A)$30$æB)$40$æC)$60$£D)$50$ææE)$20$£"
7354,3,SIN_CURSO,SIN_TEMA,cepre-sm-del-2018-ii-al-2020-i,s8_binomio_de_newton,E:\Banco de Preguntas\1. ALGEBRA\7. Editorial_Manhattan\Editores_Manhattan.pdf,\item[\textbf{3.}] Halle el coeficiente de $x^{5}$ en el desarrollo de $(1-2x+3x^{2})^{5}$ .£A)$-1042$æB)$-1020$æC)$-1052$£D)$-1062$ææE)$-1032$£
7355,4,SIN_CURSO,SIN_TEMA,cepre-sm-del-2018-ii-al-2020-i,s8_binomio_de_newton,E:\Banco de Preguntas\1. ALGEBRA\7. Editorial_Manhattan\Editores_Manhattan.pdf,"\item[\textbf{4.}] Para algunos activos (como las máquinas), cuyos valores de mercado caen rápidamente en los primeros años de uso, y después, más lentamente, con frecuencia se utiliza un método de depreciación llamado método de doble saldo creciente. El valor en libros de un tractor adquirido a $C$ dólares se amortizará por este método durante “ $x$ ” años y el valor en libros al final de “ $n$ ” años está dado por $V(n) = C \bigg( 1 - \frac{2}{x} \bigg)^{n}$ . Si $D(n)$ representa el monto (en"
7356,5,SIN_CURSO,SIN_TEMA,cepre-sm-del-2018-ii-al-2020-i,s8_binomio_de_newton,E:\Banco de Preguntas\1. ALGEBRA\7. Editorial_Manhattan\Editores_Manhattan.pdf,"\item[\textbf{5.}] La expresión $\dfrac{x^{20a+35} + y^{-57+20a}}{x^{a+1} + y^{a-3}}$ es un cociente notable y “n” representa el número de términos de su desarrollo, halle el valor de $n - 2a$ .£A)$15$æB)$17$æC)$18$£D)$19$ææE)$14$£"
7357,6,SIN_CURSO,SIN_TEMA,cepre-sm-del-2018-ii-al-2020-i,s8_binomio_de_newton,E:\Banco de Preguntas\1. ALGEBRA\7. Editorial_Manhattan\Editores_Manhattan.pdf,"\item[\textbf{6.}] Si $x^u y^{u-1}$ es el quinto término del cociente notable $\frac{x^a - y^{b+2}}{x^5 - y^{11}}$ , halle el grado absoluto de uno de los términos centrales.£A)$113$æB)$120$æC)$114$£D)$107$ææE)$106$£"
7358,7,SIN_CURSO,SIN_TEMA,cepre-sm-del-2018-ii-al-2020-i,s8_binomio_de_newton,E:\Banco de Preguntas\1. ALGEBRA\7. Editorial_Manhattan\Editores_Manhattan.pdf,"\item[\textbf{7.}] Halle el número de términos que tendrá el siguiente producto: $( x^{34n} + x^{33n} + x^{32n} + \cdots + x^{n} + 1 ) ( x^{34n} - x^{33n} + x^{32n} - \cdots - x^{n} + 1 )$ , donde $n \in \mathbb{Z}^{+}$ .£A)$35$æB)$70$æC)$50$£D)$45$ææE)$80$£"
7359,8,SIN_CURSO,SIN_TEMA,cepre-sm-del-2018-ii-al-2020-i,s8_binomio_de_newton,E:\Banco de Preguntas\1. ALGEBRA\7. Editorial_Manhattan\Editores_Manhattan.pdf,\item[\textbf{8.}] Halle la suma de coeficientes del resto de la siguiente división: $\dfrac{x^{37} + x^{13} + x + 1}{x^5 + x^4 + x^3 + x^2 + x + 1}.$£A)$4$æB)$2$æC)$3$£D)$5$ææE)$6$£
8709,17,SIN_CURSO,SIN_TEMA,impecus-jose-meza-barcena-construcciones-en-la-circunferencia,problemas_resueltos,CONSTRUCCIONES EN LA CIRCUNFERENCIA.pdf,\item[\textbf{17.}] Calcular $x$. £A)$10^\circ$æB)$12^\circ$æC)$15^\circ$£D)$18^\circ$ææE)$20^\circ$£
8710,18,SIN_CURSO,SIN_TEMA,impecus-jose-meza-barcena-construcciones-en-la-circunferencia,problemas_resueltos,CONSTRUCCIONES EN LA CIRCUNFERENCIA.pdf,\item[\textbf{18.}] Calcular $x$. £A)$30^\circ-\alpha$æB)$60^\circ-\alpha$æC)$30^\circ$£D)$2\alpha$ææE)$30^\circ+\alpha$£
8711,19,SIN_CURSO,SIN_TEMA,impecus-jose-meza-barcena-construcciones-en-la-circunferencia,problemas_resueltos,CONSTRUCCIONES EN LA CIRCUNFERENCIA.pdf,\item[\textbf{19.}] Calcular $\alpha$. £A)$15^\circ$æB)$18^\circ$æC)$20^\circ$£D)$22^\circ30'$ææE)$26^\circ30'$£
8712,20,SIN_CURSO,SIN_TEMA,impecus-jose-meza-barcena-construcciones-en-la-circunferencia,problemas_resueltos,CONSTRUCCIONES EN LA CIRCUNFERENCIA.pdf,\item[\textbf{20.}] Calcular $\alpha$. £A)$10^\circ$æB)$12^\circ$æC)$15^\circ$£D)$18^\circ30'$ææE)$22^\circ30'$£
8713,21,SIN_CURSO,SIN_TEMA,impecus-jose-meza-barcena-construcciones-en-la-circunferencia,problemas_resueltos,CONSTRUCCIONES EN LA CIRCUNFERENCIA.pdf,\item[\textbf{21.}] Calcular $x$. £A)$18^\circ$æB)$20^\circ$æC)$30^\circ$£D)$37^\circ$ææE)$45^\circ$£
8714,22,SIN_CURSO,SIN_TEMA,impecus-jose-meza-barcena-construcciones-en-la-circunferencia,problemas_resueltos,CONSTRUCCIONES EN LA CIRCUNFERENCIA.pdf,\item[\textbf{22.}] Calcular $x$. £A)$10^\circ$æB)$12^\circ$æC)$15^\circ$£D)$18^\circ$ææE)$20^\circ$£
8715,23,SIN_CURSO,SIN_TEMA,impecus-jose-meza-barcena-construcciones-en-la-circunferencia,problemas_resueltos,CONSTRUCCIONES EN LA CIRCUNFERENCIA.pdf,\item[\textbf{23.}] Calcular $x$. £A)$15^\circ$æB)$20^\circ$æC)$24^\circ$£D)$30^\circ$ææE)$36^\circ$£
8716,24,SIN_CURSO,SIN_TEMA,impecus-jose-meza-barcena-construcciones-en-la-circunferencia,problemas_resueltos,CONSTRUCCIONES EN LA CIRCUNFERENCIA.pdf,\item[\textbf{24.}] Calcular $x$. £A)$12^\circ$æB)$15^\circ$æC)$18^\circ$£D)$20^\circ$ææE)$24^\circ$£
8717,25,SIN_CURSO,SIN_TEMA,impecus-jose-meza-barcena-construcciones-en-la-circunferencia,problemas_resueltos,CONSTRUCCIONES EN LA CIRCUNFERENCIA.pdf,\item[\textbf{25.}] Calcular $\theta$. £A)$15^\circ$æB)$18^\circ$æC)$20^\circ$£D)$22^\circ30'$ææE)$30^\circ$£
8718,26,SIN_CURSO,SIN_TEMA,impecus-jose-meza-barcena-construcciones-en-la-circunferencia,problemas_resueltos,CONSTRUCCIONES EN LA CIRCUNFERENCIA.pdf,\item[\textbf{26.}] Calcular $x$. £A)$32^\circ$æB)$37^\circ$æC)$45^\circ$£D)$53^\circ$ææE)$60^\circ$£
8719,27,SIN_CURSO,SIN_TEMA,impecus-jose-meza-barcena-construcciones-en-la-circunferencia,problemas_resueltos,CONSTRUCCIONES EN LA CIRCUNFERENCIA.pdf,\item[\textbf{27.}] Calcular $x$. £A)$15^\circ$æB)$18^\circ$æC)$20^\circ$£D)$24^\circ$ææE)$30^\circ$£
8720,28,SIN_CURSO,SIN_TEMA,impecus-jose-meza-barcena-construcciones-en-la-circunferencia,problemas_resueltos,CONSTRUCCIONES EN LA CIRCUNFERENCIA.pdf,\item[\textbf{28.}] Calcular $x$. £A)$20^\circ$æB)$24^\circ$æC)$30^\circ$£D)$36^\circ$ææE)$40^\circ$£
8721,29,SIN_CURSO,SIN_TEMA,impecus-jose-meza-barcena-construcciones-en-la-circunferencia,problemas_resueltos,CONSTRUCCIONES EN LA CIRCUNFERENCIA.pdf,\item[\textbf{29.}] Calcular $x$. £A)$10^\circ$æB)$12^\circ$æC)$15^\circ$£D)$18^\circ$ææE)$20^\circ$£
8722,30,SIN_CURSO,SIN_TEMA,impecus-jose-meza-barcena-construcciones-en-la-circunferencia,problemas_resueltos,CONSTRUCCIONES EN LA CIRCUNFERENCIA.pdf,\item[\textbf{30.}] Calcular $x$. £A)$15^\circ$æB)$20^\circ$æC)$22^\circ30'$£D)$25^\circ$ææE)$30^\circ$£
8723,31,SIN_CURSO,SIN_TEMA,impecus-jose-meza-barcena-construcciones-en-la-circunferencia,problemas_resueltos,CONSTRUCCIONES EN LA CIRCUNFERENCIA.pdf,\item[\textbf{31.}] Calcular $x$. £A)$10^\circ$æB)$18^\circ$æC)$20^\circ$£D)$25^\circ$ææE)$30^\circ$£
8724,32,SIN_CURSO,SIN_TEMA,impecus-jose-meza-barcena-construcciones-en-la-circunferencia,problemas_resueltos,CONSTRUCCIONES EN LA CIRCUNFERENCIA.pdf,\item[\textbf{32.}] Calcular $x$. £A)$12^\circ$æB)$15^\circ$æC)$18^\circ$£D)$20^\circ$ææE)$24^\circ$£
8725,33,SIN_CURSO,SIN_TEMA,impecus-jose-meza-barcena-construcciones-en-la-circunferencia,problemas_resueltos,CONSTRUCCIONES EN LA CIRCUNFERENCIA.pdf,\item[\textbf{33.}] Calcular $\alpha$. £A)$8^\circ$æB)$10^\circ$æC)$12^\circ$£D)$15^\circ$ææE)$18^\circ$£
8726,34,SIN_CURSO,SIN_TEMA,impecus-jose-meza-barcena-construcciones-en-la-circunferencia,problemas_resueltos,CONSTRUCCIONES EN LA CIRCUNFERENCIA.pdf,\item[\textbf{34.}] Calcular $x$. £A)$20^\circ$æB)$30^\circ$æC)$40^\circ$£D)$45^\circ$ææE)$60^\circ$£
8727,35,SIN_CURSO,SIN_TEMA,impecus-jose-meza-barcena-construcciones-en-la-circunferencia,problemas_resueltos,CONSTRUCCIONES EN LA CIRCUNFERENCIA.pdf,\item[\textbf{35.}] Calcular $x$. £A)$15^\circ$æB)$18^\circ$æC)$20^\circ$£D)$24^\circ$ææE)$30^\circ$£
8728,36,SIN_CURSO,SIN_TEMA,impecus-jose-meza-barcena-construcciones-en-la-circunferencia,problemas_resueltos,CONSTRUCCIONES EN LA CIRCUNFERENCIA.pdf,\item[\textbf{36.}] Calcular $x$. £A)$10^\circ$æB)$12^\circ$æC)$15^\circ$£D)$18^\circ$ææE)$20^\circ$£
8729,37,SIN_CURSO,SIN_TEMA,impecus-jose-meza-barcena-construcciones-en-la-circunferencia,problemas_resueltos,CONSTRUCCIONES EN LA CIRCUNFERENCIA.pdf,\item[\textbf{37.}] Calcular $\alpha$. £A)$9^\circ$æB)$10^\circ$æC)$12^\circ$£D)$15^\circ$ææE)$18^\circ$£
8730,38,SIN_CURSO,SIN_TEMA,impecus-jose-meza-barcena-construcciones-en-la-circunferencia,problemas_resueltos,CONSTRUCCIONES EN LA CIRCUNFERENCIA.pdf,\item[\textbf{38.}] Calcular $x$. £A)$30^\circ$æB)$36^\circ$æC)$45^\circ$£D)$54^\circ$ææE)$60^\circ$£
8731,39,SIN_CURSO,SIN_TEMA,impecus-jose-meza-barcena-construcciones-en-la-circunferencia,problemas_resueltos,CONSTRUCCIONES EN LA CIRCUNFERENCIA.pdf,\item[\textbf{39.}] Calcular $\theta$. £A)$10^\circ$æB)$15^\circ$æC)$18^\circ$£D)$20^\circ$ææE)$24^\circ$£
8732,40,SIN_CURSO,SIN_TEMA,impecus-jose-meza-barcena-construcciones-en-la-circunferencia,problemas_resueltos,CONSTRUCCIONES EN LA CIRCUNFERENCIA.pdf,\item[\textbf{40.}] Calcular $x$. £A)$12^\circ$æB)$15^\circ$æC)$18^\circ$£D)$20^\circ$ææE)$22^\circ30'$£
8733,41,SIN_CURSO,SIN_TEMA,impecus-jose-meza-barcena-construcciones-en-la-circunferencia,problemas_resueltos,CONSTRUCCIONES EN LA CIRCUNFERENCIA.pdf,\item[\textbf{41.}] Calcular $x$. £A)$15^\circ$æB)$18^\circ$æC)$20^\circ$£D)$22^\circ30'$ææE)$30^\circ$£
8734,42,SIN_CURSO,SIN_TEMA,impecus-jose-meza-barcena-construcciones-en-la-circunferencia,problemas_resueltos,CONSTRUCCIONES EN LA CIRCUNFERENCIA.pdf,\item[\textbf{42.}] Calcular $x$. £A)$10^\circ$æB)$12^\circ$æC)$15^\circ$£D)$18^\circ$ææE)$20^\circ$£
8735,43,SIN_CURSO,SIN_TEMA,impecus-jose-meza-barcena-construcciones-en-la-circunferencia,problemas_resueltos,CONSTRUCCIONES EN LA CIRCUNFERENCIA.pdf,\item[\textbf{43.}] Calcular $x$. £A)$20^\circ$æB)$30^\circ$æC)$36^\circ$£D)$40^\circ$ææE)$45^\circ$£
8736,44,SIN_CURSO,SIN_TEMA,impecus-jose-meza-barcena-construcciones-en-la-circunferencia,problemas_resueltos,CONSTRUCCIONES EN LA CIRCUNFERENCIA.pdf,\item[\textbf{44.}] Calcular $x$. £A)$15^\circ$æB)$18^\circ$æC)$20^\circ$£D)$24^\circ$ææE)$30^\circ$£
8737,45,SIN_CURSO,SIN_TEMA,impecus-jose-meza-barcena-construcciones-en-la-circunferencia,problemas_resueltos,CONSTRUCCIONES EN LA CIRCUNFERENCIA.pdf,\item[\textbf{45.}] Calcular $\alpha$. £A)$10^\circ$æB)$12^\circ$æC)$15^\circ$£D)$18^\circ$ææE)$20^\circ$£
8738,46,SIN_CURSO,SIN_TEMA,impecus-jose-meza-barcena-construcciones-en-la-circunferencia,problemas_resueltos,CONSTRUCCIONES EN LA CIRCUNFERENCIA.pdf,\item[\textbf{46.}] Calcular $x$. £A)$20^\circ$æB)$30^\circ$æC)$37^\circ$£D)$45^\circ$ææE)$60^\circ$£
8739,47,SIN_CURSO,SIN_TEMA,impecus-jose-meza-barcena-construcciones-en-la-circunferencia,problemas_resueltos,CONSTRUCCIONES EN LA CIRCUNFERENCIA.pdf,\item[\textbf{47.}] Calcular $x$. £A)$10^\circ$æB)$12^\circ$æC)$15^\circ$£D)$18^\circ$ææE)$20^\circ$£
8740,48,SIN_CURSO,SIN_TEMA,impecus-jose-meza-barcena-construcciones-en-la-circunferencia,problemas_resueltos,CONSTRUCCIONES EN LA CIRCUNFERENCIA.pdf,\item[\textbf{48.}] Calcular $\theta$. £A)$12^\circ$æB)$15^\circ$æC)$18^\circ$£D)$20^\circ$ææE)$24^\circ$£
8741,49,SIN_CURSO,SIN_TEMA,impecus-jose-meza-barcena-construcciones-en-la-circunferencia,problemas_resueltos,CONSTRUCCIONES EN LA CIRCUNFERENCIA.pdf,\item[\textbf{49.}] Calcular $x$. £A)$20^\circ$æB)$24^\circ$æC)$30^\circ$£D)$36^\circ$ææE)$40^\circ$£
8742,50,SIN_CURSO,SIN_TEMA,impecus-jose-meza-barcena-construcciones-en-la-circunferencia,problemas_resueltos,CONSTRUCCIONES EN LA CIRCUNFERENCIA.pdf,\item[\textbf{50.}] Calcular $x$. £A)$15^\circ$æB)$18^\circ$æC)$20^\circ$£D)$24^\circ$ææE)$30^\circ$£
8743,51,SIN_CURSO,SIN_TEMA,impecus-jose-meza-barcena-construcciones-en-la-circunferencia,problemas_resueltos,CONSTRUCCIONES EN LA CIRCUNFERENCIA.pdf,\item[\textbf{51.}] Calcular $x$. £A)$10^\circ$æB)$12^\circ$æC)$15^\circ$£D)$18^\circ$ææE)$20^\circ$£
8744,52,SIN_CURSO,SIN_TEMA,impecus-jose-meza-barcena-construcciones-en-la-circunferencia,problemas_resueltos,CONSTRUCCIONES EN LA CIRCUNFERENCIA.pdf,\item[\textbf{52.}] Calcular $x$. £A)$30^\circ$æB)$36^\circ$æC)$40^\circ$£D)$45^\circ$ææE)$60^\circ$£
8745,53,SIN_CURSO,SIN_TEMA,impecus-jose-meza-barcena-construcciones-en-la-circunferencia,problemas_resueltos,CONSTRUCCIONES EN LA CIRCUNFERENCIA.pdf,\item[\textbf{53.}] Calcular $\alpha$. £A)$10^\circ$æB)$12^\circ$æC)$15^\circ$£D)$18^\circ$ææE)$20^\circ$£
8746,54,SIN_CURSO,SIN_TEMA,impecus-jose-meza-barcena-construcciones-en-la-circunferencia,problemas_resueltos,CONSTRUCCIONES EN LA CIRCUNFERENCIA.pdf,\item[\textbf{54.}] Calcular $x$. £A)$15^\circ$æB)$18^\circ$æC)$20^\circ$£D)$24^\circ$ææE)$30^\circ$£
8747,55,SIN_CURSO,SIN_TEMA,impecus-jose-meza-barcena-construcciones-en-la-circunferencia,problemas_resueltos,CONSTRUCCIONES EN LA CIRCUNFERENCIA.pdf,\item[\textbf{55.}] Calcular $x$. £A)$10^\circ$æB)$12^\circ$æC)$15^\circ$£D)$18^\circ$ææE)$20^\circ$£
8748,56,SIN_CURSO,SIN_TEMA,impecus-jose-meza-barcena-construcciones-en-la-circunferencia,problemas_resueltos,CONSTRUCCIONES EN LA CIRCUNFERENCIA.pdf,\item[\textbf{56.}] Calcular $x$. £A)$20^\circ$æB)$24^\circ$æC)$30^\circ$£D)$36^\circ$ææE)$40^\circ$£
8749,57,SIN_CURSO,SIN_TEMA,impecus-jose-meza-barcena-construcciones-en-la-circunferencia,problemas_resueltos,CONSTRUCCIONES EN LA CIRCUNFERENCIA.pdf,\item[\textbf{57.}] Calcular $\theta$. £A)$10^\circ$æB)$12^\circ$æC)$15^\circ$£D)$18^\circ$ææE)$20^\circ$£
8750,58,SIN_CURSO,SIN_TEMA,impecus-jose-meza-barcena-construcciones-en-la-circunferencia,problemas_resueltos,CONSTRUCCIONES EN LA CIRCUNFERENCIA.pdf,\item[\textbf{58.}] Calcular $x$. £A)$15^\circ$æB)$18^\circ$æC)$20^\circ$£D)$22^\circ30'$ææE)$30^\circ$£
8751,59,SIN_CURSO,SIN_TEMA,impecus-jose-meza-barcena-construcciones-en-la-circunferencia,problemas_resueltos,CONSTRUCCIONES EN LA CIRCUNFERENCIA.pdf,\item[\textbf{59.}] Calcular $x$. £A)$20^\circ$æB)$24^\circ$æC)$30^\circ$£D)$36^\circ$ææE)$40^\circ$£
8752,60,SIN_CURSO,SIN_TEMA,impecus-jose-meza-barcena-construcciones-en-la-circunferencia,problemas_resueltos,CONSTRUCCIONES EN LA CIRCUNFERENCIA.pdf,\item[\textbf{60.}] Calcular $x$. £A)$10^\circ$æB)$12^\circ$æC)$15^\circ$£D)$18^\circ$ææE)$20^\circ$£
8753,61,SIN_CURSO,SIN_TEMA,impecus-jose-meza-barcena-construcciones-en-la-circunferencia,problemas_resueltos,CONSTRUCCIONES EN LA CIRCUNFERENCIA.pdf,\item[\textbf{61.}] Calcular $\alpha$. £A)$15^\circ$æB)$18^\circ$æC)$20^\circ$£D)$22^\circ30'$ææE)$30^\circ$£
8754,62,SIN_CURSO,SIN_TEMA,impecus-jose-meza-barcena-construcciones-en-la-circunferencia,problemas_resueltos,CONSTRUCCIONES EN LA CIRCUNFERENCIA.pdf,\item[\textbf{62.}] Calcular $x$. £A)$10^\circ$æB)$12^\circ$æC)$15^\circ$£D)$18^\circ$ææE)$20^\circ$£
8755,63,SIN_CURSO,SIN_TEMA,impecus-jose-meza-barcena-construcciones-en-la-circunferencia,problemas_resueltos,CONSTRUCCIONES EN LA CIRCUNFERENCIA.pdf,\item[\textbf{63.}] Calcular $x$. £A)$20^\circ$æB)$24^\circ$æC)$30^\circ$£D)$36^\circ$ææE)$40^\circ$£
8756,64,SIN_CURSO,SIN_TEMA,impecus-jose-meza-barcena-construcciones-en-la-circunferencia,problemas_resueltos,CONSTRUCCIONES EN LA CIRCUNFERENCIA.pdf,\item[\textbf{64.}] Calcular $x$. £A)$15^\circ$æB)$18^\circ$æC)$20^\circ$£D)$24^\circ$ææE)$30^\circ$£
8757,65,SIN_CURSO,SIN_TEMA,impecus-jose-meza-barcena-construcciones-en-la-circunferencia,problemas_resueltos,CONSTRUCCIONES EN LA CIRCUNFERENCIA.pdf,\item[\textbf{65.}] Calcular $\theta$. £A)$10^\circ$æB)$12^\circ$æC)$15^\circ$£D)$18^\circ$ææE)$20^\circ$£
8758,66,SIN_CURSO,SIN_TEMA,impecus-jose-meza-barcena-construcciones-en-la-circunferencia,problemas_resueltos,CONSTRUCCIONES EN LA CIRCUNFERENCIA.pdf,\item[\textbf{66.}] Calcular $x$. £A)$20^\circ$æB)$24^\circ$æC)$30^\circ$£D)$36^\circ$ææE)$40^\circ$£
8759,67,SIN_CURSO,SIN_TEMA,impecus-jose-meza-barcena-construcciones-en-la-circunferencia,problemas_resueltos,CONSTRUCCIONES EN LA CIRCUNFERENCIA.pdf,\item[\textbf{67.}] Calcular $x$. £A)$15^\circ$æB)$18^\circ$æC)$20^\circ$£D)$22^\circ30'$ææE)$30^\circ$£
8760,68,SIN_CURSO,SIN_TEMA,impecus-jose-meza-barcena-construcciones-en-la-circunferencia,problemas_resueltos,CONSTRUCCIONES EN LA CIRCUNFERENCIA.pdf,\item[\textbf{68.}] Calcular $x$. £A)$10^\circ$æB)$12^\circ$æC)$15^\circ$£D)$18^\circ$ææE)$20^\circ$£
8761,69,SIN_CURSO,SIN_TEMA,impecus-jose-meza-barcena-construcciones-en-la-circunferencia,problemas_resueltos,CONSTRUCCIONES EN LA CIRCUNFERENCIA.pdf,\item[\textbf{69.}] Calcular $\alpha$. £A)$15^\circ$æB)$18^\circ$æC)$20^\circ$£D)$22^\circ30'$ææE)$30^\circ$£
8762,70,SIN_CURSO,SIN_TEMA,impecus-jose-meza-barcena-construcciones-en-la-circunferencia,problemas_resueltos,CONSTRUCCIONES EN LA CIRCUNFERENCIA.pdf,\item[\textbf{70.}] Calcular $x$. £A)$20^\circ$æB)$24^\circ$æC)$30^\circ$£D)$36^\circ$ææE)$40^\circ$£
8763,71,SIN_CURSO,SIN_TEMA,impecus-jose-meza-barcena-construcciones-en-la-circunferencia,problemas_resueltos,CONSTRUCCIONES EN LA CIRCUNFERENCIA.pdf,\item[\textbf{71.}] Calcular $x$. £A)$10^\circ$æB)$12^\circ$æC)$15^\circ$£D)$18^\circ$ææE)$20^\circ$£
8764,72,SIN_CURSO,SIN_TEMA,impecus-jose-meza-barcena-construcciones-en-la-circunferencia,problemas_resueltos,CONSTRUCCIONES EN LA CIRCUNFERENCIA.pdf,\item[\textbf{72.}] Calcular $x$. £A)$15^\circ$æB)$18^\circ$æC)$20^\circ$£D)$22^\circ30'$ææE)$30^\circ$£
8765,73,SIN_CURSO,SIN_TEMA,impecus-jose-meza-barcena-construcciones-en-la-circunferencia,problemas_resueltos,CONSTRUCCIONES EN LA CIRCUNFERENCIA.pdf,\item[\textbf{73.}] Calcular $x$. £A)$20^\circ$æB)$24^\circ$æC)$30^\circ$£D)$36^\circ$ææE)$40^\circ$£
8766,74,SIN_CURSO,SIN_TEMA,impecus-jose-meza-barcena-construcciones-en-la-circunferencia,problemas_resueltos,CONSTRUCCIONES EN LA CIRCUNFERENCIA.pdf,\item[\textbf{74.}] Calcular $x$. £A)$10^\circ$æB)$12^\circ$æC)$15^\circ$£D)$18^\circ$ææE)$20^\circ$£
8767,75,SIN_CURSO,SIN_TEMA,impecus-jose-meza-barcena-construcciones-en-la-circunferencia,problemas_resueltos,CONSTRUCCIONES EN LA CIRCUNFERENCIA.pdf,\item[\textbf{75.}] Calcular $\theta$. £A)$15^\circ$æB)$18^\circ$æC)$20^\circ$£D)$22^\circ30'$ææE)$30^\circ$£
8768,76,SIN_CURSO,SIN_TEMA,impecus-jose-meza-barcena-construcciones-en-la-circunferencia,problemas_resueltos,CONSTRUCCIONES EN LA CIRCUNFERENCIA.pdf,\item[\textbf{76.}] Calcular $x$. £A)$20^\circ$æB)$24^\circ$æC)$30^\circ$£D)$36^\circ$ææE)$40^\circ$£
8769,77,SIN_CURSO,SIN_TEMA,impecus-jose-meza-barcena-construcciones-en-la-circunferencia,problemas_resueltos,CONSTRUCCIONES EN LA CIRCUNFERENCIA.pdf,\item[\textbf{77.}] Calcular $x$. £A)$10^\circ$æB)$12^\circ$æC)$15^\circ$£D)$18^\circ$ææE)$20^\circ$£
8770,78,SIN_CURSO,SIN_TEMA,impecus-jose-meza-barcena-construcciones-en-la-circunferencia,problemas_resueltos,CONSTRUCCIONES EN LA CIRCUNFERENCIA.pdf,\item[\textbf{78.}] Calcular $\alpha$. £A)$15^\circ$æB)$18^\circ$æC)$20^\circ$£D)$22^\circ30'$ææE)$30^\circ$£
8771,79,SIN_CURSO,SIN_TEMA,impecus-jose-meza-barcena-construcciones-en-la-circunferencia,problemas_resueltos,CONSTRUCCIONES EN LA CIRCUNFERENCIA.pdf,\item[\textbf{79.}] Calcular $x$. £A)$20^\circ$æB)$24^\circ$æC)$30^\circ$£D)$36^\circ$ææE)$40^\circ$£
8772,80,SIN_CURSO,SIN_TEMA,impecus-jose-meza-barcena-construcciones-en-la-circunferencia,problemas_resueltos,CONSTRUCCIONES EN LA CIRCUNFERENCIA.pdf,\item[\textbf{80.}] Calcular $x$. £A)$10^\circ$æB)$12^\circ$æC)$15^\circ$£D)$18^\circ$ææE)$20^\circ$£
8773,81,SIN_CURSO,SIN_TEMA,impecus-jose-meza-barcena-construcciones-en-la-circunferencia,problemas_resueltos,CONSTRUCCIONES EN LA CIRCUNFERENCIA.pdf,\item[\textbf{81.}] Calcular $x$. £A)$15^\circ$æB)$18^\circ$æC)$20^\circ$£D)$22^\circ30'$ææE)$30^\circ$£
8774,82,SIN_CURSO,SIN_TEMA,impecus-jose-meza-barcena-construcciones-en-la-circunferencia,problemas_resueltos,CONSTRUCCIONES EN LA CIRCUNFERENCIA.pdf,\item[\textbf{82.}] Calcular $x$. £A)$20^\circ$æB)$24^\circ$æC)$30^\circ$£D)$36^\circ$ææE)$40^\circ$£
8775,83,SIN_CURSO,SIN_TEMA,impecus-jose-meza-barcena-construcciones-en-la-circunferencia,problemas_resueltos,CONSTRUCCIONES EN LA CIRCUNFERENCIA.pdf,\item[\textbf{83.}] Calcular $\theta$. £A)$10^\circ$æB)$12^\circ$æC)$15^\circ$£D)$18^\circ$ææE)$20^\circ$£
8776,84,SIN_CURSO,SIN_TEMA,impecus-jose-meza-barcena-construcciones-en-la-circunferencia,problemas_resueltos,CONSTRUCCIONES EN LA CIRCUNFERENCIA.pdf,\item[\textbf{84.}] Calcular $x$. £A)$15^\circ$æB)$18^\circ$æC)$20^\circ$£D)$22^\circ30'$ææE)$30^\circ$£
8777,85,SIN_CURSO,SIN_TEMA,impecus-jose-meza-barcena-construcciones-en-la-circunferencia,problemas_resueltos,CONSTRUCCIONES EN LA CIRCUNFERENCIA.pdf,\item[\textbf{85.}] Calcular $x$. £A)$20^\circ$æB)$24^\circ$æC)$30^\circ$£D)$36^\circ$ææE)$40^\circ$£
8778,86,SIN_CURSO,SIN_TEMA,impecus-jose-meza-barcena-construcciones-en-la-circunferencia,problemas_resueltos,CONSTRUCCIONES EN LA CIRCUNFERENCIA.pdf,\item[\textbf{86.}] Calcular $x$. £A)$10^\circ$æB)$12^\circ$æC)$15^\circ$£D)$18^\circ$ææE)$20^\circ$£
8779,87,SIN_CURSO,SIN_TEMA,impecus-jose-meza-barcena-construcciones-en-la-circunferencia,problemas_resueltos,CONSTRUCCIONES EN LA CIRCUNFERENCIA.pdf,\item[\textbf{87.}] Calcular $\alpha$. £A)$15^\circ$æB)$18^\circ$æC)$20^\circ$£D)$22^\circ30'$ææE)$30^\circ$£
8780,88,SIN_CURSO,SIN_TEMA,impecus-jose-meza-barcena-construcciones-en-la-circunferencia,problemas_resueltos,CONSTRUCCIONES EN LA CIRCUNFERENCIA.pdf,\item[\textbf{88.}] Calcular $x$. £A)$20^\circ$æB)$24^\circ$æC)$30^\circ$£D)$36^\circ$ææE)$40^\circ$£
8781,89,SIN_CURSO,SIN_TEMA,impecus-jose-meza-barcena-construcciones-en-la-circunferencia,problemas_resueltos,CONSTRUCCIONES EN LA CIRCUNFERENCIA.pdf,\item[\textbf{89.}] Calcular $x$. £A)$10^\circ$æB)$12^\circ$æC)$15^\circ$£D)$18^\circ$ææE)$20^\circ$£
8782,90,SIN_CURSO,SIN_TEMA,impecus-jose-meza-barcena-construcciones-en-la-circunferencia,problemas_resueltos,CONSTRUCCIONES EN LA CIRCUNFERENCIA.pdf,\item[\textbf{90.}] Calcular $x$. £A)$15^\circ$æB)$18^\circ$æC)$20^\circ$£D)$22^\circ30'$ææE)$30^\circ$£
8783,91,SIN_CURSO,SIN_TEMA,impecus-jose-meza-barcena-construcciones-en-la-circunferencia,problemas_resueltos,CONSTRUCCIONES EN LA CIRCUNFERENCIA.pdf,\item[\textbf{91.}] Calcular $x$. £A)$20^\circ$æB)$24^\circ$æC)$30^\circ$£D)$36^\circ$ææE)$40^\circ$£
8784,92,SIN_CURSO,SIN_TEMA,impecus-jose-meza-barcena-construcciones-en-la-circunferencia,problemas_resueltos,CONSTRUCCIONES EN LA CIRCUNFERENCIA.pdf,\item[\textbf{92.}] Calcular $\theta$. £A)$10^\circ$æB)$12^\circ$æC)$15^\circ$£D)$18^\circ$ææE)$20^\circ$£
8785,93,SIN_CURSO,SIN_TEMA,impecus-jose-meza-barcena-construcciones-en-la-circunferencia,problemas_resueltos,CONSTRUCCIONES EN LA CIRCUNFERENCIA.pdf,\item[\textbf{93.}] Calcular $x$. £A)$15^\circ$æB)$18^\circ$æC)$20^\circ$£D)$22^\circ30'$ææE)$30^\circ$£
8786,94,SIN_CURSO,SIN_TEMA,impecus-jose-meza-barcena-construcciones-en-la-circunferencia,problemas_resueltos,CONSTRUCCIONES EN LA CIRCUNFERENCIA.pdf,\item[\textbf{94.}] Calcular $x$. £A)$20^\circ$æB)$24^\circ$æC)$30^\circ$£D)$36^\circ$ææE)$40^\circ$£
8787,95,SIN_CURSO,SIN_TEMA,impecus-jose-meza-barcena-construcciones-en-la-circunferencia,problemas_resueltos,CONSTRUCCIONES EN LA CIRCUNFERENCIA.pdf,\item[\textbf{95.}] Calcular $\alpha$. £A)$10^\circ$æB)$12^\circ$æC)$15^\circ$£D)$18^\circ$ææE)$20^\circ$£
8788,96,SIN_CURSO,SIN_TEMA,impecus-jose-meza-barcena-construcciones-en-la-circunferencia,problemas_resueltos,CONSTRUCCIONES EN LA CIRCUNFERENCIA.pdf,\item[\textbf{96.}] Calcular $x$. £A)$15^\circ$æB)$18^\circ$æC)$20^\circ$£D)$22^\circ30'$ææE)$30^\circ$£
8789,97,SIN_CURSO,SIN_TEMA,impecus-jose-meza-barcena-construcciones-en-la-circunferencia,problemas_resueltos,CONSTRUCCIONES EN LA CIRCUNFERENCIA.pdf,\item[\textbf{97.}] Calcular $x$. £A)$20^\circ$æB)$24^\circ$æC)$30^\circ$£D)$36^\circ$ææE)$40^\circ$£
8790,98,SIN_CURSO,SIN_TEMA,impecus-jose-meza-barcena-construcciones-en-la-circunferencia,problemas_resueltos,CONSTRUCCIONES EN LA CIRCUNFERENCIA.pdf,\item[\textbf{98.}] Calcular $x$. £A)$10^\circ$æB)$12^\circ$æC)$15^\circ$£D)$18^\circ$ææE)$20^\circ$£
8791,99,SIN_CURSO,SIN_TEMA,impecus-jose-meza-barcena-construcciones-en-la-circunferencia,problemas_resueltos,CONSTRUCCIONES EN LA CIRCUNFERENCIA.pdf,\item[\textbf{99.}] Calcular $\theta$. £A)$15^\circ$æB)$18^\circ$æC)$20^\circ$£D)$22^\circ30'$ææE)$30^\circ$£
8792,100,SIN_CURSO,SIN_TEMA,impecus-jose-meza-barcena-construcciones-en-la-circunferencia,problemas_resueltos,CONSTRUCCIONES EN LA CIRCUNFERENCIA.pdf,\item[\textbf{100.}] Calcular $x$. £A)$20^\circ$æB)$24^\circ$æC)$30^\circ$£D)$36^\circ$ææE)$40^\circ$£
4022,4,SIN_CURSO,SIN_TEMA,unfv-ceprevi-algebra,s2_grados_y_polinomios,E:\Banco de Preguntas\1. ALGEBRA\12. CEPREVI\CEPREVI Álgebra.pdf,"\item[\textbf{4.}] Dado el monomio: £$M_{(x,y)}=\left(a+b\right)x^{2a-2}y^{3b}$£ Hallar $ab$, si se sabe que: £$\text{Coeficiente}\left(M\right)=\operatorname{G.R}\left(x\right)$ y $\operatorname{G.A}=27$£A)$38$æB)$39$æC)$31$£D)$35$ææE)$32$£"
