id,curso_actual,tema_actual,motivo
2837,Algebra,Teoria de Exponentes,tema_no_mapeado
2838,Algebra,Teoria de Exponentes,tema_no_mapeado
2839,Algebra,Teoria de Exponentes,tema_no_mapeado
2840,Algebra,Teoria de Exponentes,tema_no_mapeado
2841,Algebra,Teoria de Exponentes,tema_no_mapeado
2842,Algebra,Teoria de Exponentes,tema_no_mapeado
2843,Algebra,Teoria de Exponentes,tema_no_mapeado
2844,Algebra,Teoria de Exponentes,tema_no_mapeado
2845,Algebra,Teoria de Exponentes,tema_no_mapeado
2846,Algebra,Teoria de Exponentes,tema_no_mapeado
2847,Algebra,Teoria de Exponentes,tema_no_mapeado
2848,Algebra,Teoria de Exponentes,tema_no_mapeado
2849,Algebra,Teoria de Exponentes,tema_no_mapeado
2850,Algebra,Teoria de Exponentes,tema_no_mapeado
2851,Algebra,Teoria de Exponentes,tema_no_mapeado
2852,Algebra,Teoria de Exponentes,tema_no_mapeado
2853,Algebra,Teoria de Exponentes,tema_no_mapeado
2854,Algebra,Teoria de Exponentes,tema_no_mapeado
2855,Algebra,Teoria de Exponentes,tema_no_mapeado
2856,Algebra,Teoria de Exponentes,tema_no_mapeado
2857,Algebra,Teoria de Exponentes,tema_no_mapeado
2858,Algebra,Teoria de Exponentes,tema_no_mapeado
2859,Algebra,Teoria de Exponentes,tema_no_mapeado
2860,Algebra,Teoria de Exponentes,tema_no_mapeado
2861,Algebra,Teoria de Exponentes,tema_no_mapeado
2862,Algebra,Teoria de Exponentes,tema_no_mapeado
2863,Algebra,Teoria de Exponentes,tema_no_mapeado
2864,Algebra,Teoria de Exponentes,tema_no_mapeado
2865,Algebra,Teoria de Exponentes,tema_no_mapeado
2866,Algebra,Teoria de Exponentes,tema_no_mapeado
2867,Algebra,Teoria de Exponentes,tema_no_mapeado
2868,Algebra,Teoria de Exponentes,tema_no_mapeado
2869,Algebra,Teoria de Exponentes,tema_no_mapeado
2870,Algebra,Teoria de Exponentes,tema_no_mapeado
2871,Algebra,Teoria de Exponentes,tema_no_mapeado
2872,Algebra,Teoria de Exponentes,tema_no_mapeado
2873,Algebra,Teoria de Exponentes,tema_no_mapeado
2874,Algebra,Teoria de Exponentes,tema_no_mapeado
2875,Algebra,Teoria de Exponentes,tema_no_mapeado
2876,Algebra,Teoria de Exponentes,tema_no_mapeado
2877,Algebra,Teoria de Exponentes,tema_no_mapeado
2878,Algebra,Teoria de Exponentes,tema_no_mapeado
2879,Algebra,Teoria de Exponentes,tema_no_mapeado
2880,Algebra,Teoria de Exponentes,tema_no_mapeado
2881,Algebra,Teoria de Exponentes,tema_no_mapeado
2882,Algebra,Teoria de Exponentes,tema_no_mapeado
2883,Algebra,Teoria de Exponentes,tema_no_mapeado
2884,Algebra,Teoria de Exponentes,tema_no_mapeado
2885,Algebra,Teoria de Exponentes,tema_no_mapeado
2886,Algebra,Teoria de Exponentes,tema_no_mapeado
2887,Algebra,Teoria de Exponentes,tema_no_mapeado
2888,Algebra,Teoria de Exponentes,tema_no_mapeado
2889,Algebra,Teoria de Exponentes,tema_no_mapeado
2890,Algebra,Teoria de Exponentes,tema_no_mapeado
2891,Algebra,Teoria de Exponentes,tema_no_mapeado
2892,Algebra,Teoria de Exponentes,tema_no_mapeado
2893,Algebra,Teoria de Exponentes,tema_no_mapeado
2894,Algebra,Teoria de Exponentes,tema_no_mapeado
2895,Algebra,Teoria de Exponentes,tema_no_mapeado
2896,Algebra,Teoria de Exponentes,tema_no_mapeado
2897,Algebra,Teoria de Exponentes,tema_no_mapeado
2898,Algebra,Teoria de Exponentes,tema_no_mapeado
2983,Algebra,Teoria de Exponentes,tema_no_mapeado
2984,Algebra,Teoria de Exponentes,tema_no_mapeado
2986,Algebra,Teoria de Exponentes,tema_no_mapeado
2991,Algebra,Teoria de Exponentes,tema_no_mapeado
2992,Algebra,Teoria de Exponentes,tema_no_mapeado
2993,Algebra,Teoria de Exponentes,tema_no_mapeado
2994,Algebra,Teoria de Exponentes,tema_no_mapeado
2997,Algebra,Teoria de Exponentes,tema_no_mapeado
2998,Algebra,Teoria de Exponentes,tema_no_mapeado
2999,Algebra,Teoria de Exponentes,tema_no_mapeado
3000,Algebra,Teoria de Exponentes,tema_no_mapeado
3001,Algebra,Teoria de Exponentes,tema_no_mapeado
3002,Algebra,Teoria de Exponentes,tema_no_mapeado
3003,Algebra,Teoria de Exponentes,tema_no_mapeado
3005,Algebra,Teoria de Exponentes,tema_no_mapeado
3008,Algebra,Teoria de Exponentes,tema_no_mapeado
3010,Algebra,Teoria de Exponentes,tema_no_mapeado
3011,Algebra,Teoria de Exponentes,tema_no_mapeado
3012,Algebra,Teoria de Exponentes,tema_no_mapeado
3013,Algebra,Teoria de Exponentes,tema_no_mapeado
3014,Algebra,Teoria de Exponentes,tema_no_mapeado
3015,Algebra,Teoria de Exponentes,tema_no_mapeado
3016,Algebra,Teoria de Exponentes,tema_no_mapeado
3017,Algebra,Teoria de Exponentes,tema_no_mapeado
3018,Algebra,Teoria de Exponentes,tema_no_mapeado
3023,Algebra,Teoria de Exponentes,tema_no_mapeado
3025,Algebra,Teoria de Exponentes,tema_no_mapeado
3026,Algebra,Teoria de Exponentes,tema_no_mapeado
3027,Algebra,Teoria de Exponentes,tema_no_mapeado
3028,Algebra,Teoria de Exponentes,tema_no_mapeado
3029,Algebra,Teoria de Exponentes,tema_no_mapeado
3033,Algebra,Teoria de Exponentes,tema_no_mapeado
3034,Algebra,Teoria de Exponentes,tema_no_mapeado
3035,Algebra,Teoria de Exponentes,tema_no_mapeado
3036,Algebra,Teoria de Exponentes,tema_no_mapeado
3037,Algebra,Teoria de Exponentes,tema_no_mapeado
3038,Algebra,Teoria de Exponentes,tema_no_mapeado
3043,Algebra,Teoria de Exponentes,tema_no_mapeado
3044,Algebra,Teoria de Exponentes,tema_no_mapeado
3045,Algebra,Teoria de Exponentes,tema_no_mapeado
3046,Algebra,Teoria de Exponentes,tema_no_mapeado
3047,Algebra,Teoria de Exponentes,tema_no_mapeado
3048,Algebra,Teoria de Exponentes,tema_no_mapeado
3053,Algebra,Teoria de Exponentes,tema_no_mapeado
3054,Algebra,Teoria de Exponentes,tema_no_mapeado
3055,Algebra,Teoria de Exponentes,tema_no_mapeado
3056,Algebra,Teoria de Exponentes,tema_no_mapeado
3059,Algebra,Teoria de Exponentes,tema_no_mapeado
3062,Algebra,Teoria de Exponentes,tema_no_mapeado
3063,Algebra,Teoria de Exponentes,tema_no_mapeado
3064,Algebra,Teoria de Exponentes,tema_no_mapeado
3066,Algebra,Teoria de Exponentes,tema_no_mapeado
3067,Algebra,Teoria de Exponentes,tema_no_mapeado
3068,Algebra,Teoria de Exponentes,tema_no_mapeado
3069,Algebra,Teoria de Exponentes,tema_no_mapeado
3070,Algebra,Teoria de Exponentes,tema_no_mapeado
3072,Algebra,Teoria de Exponentes,tema_no_mapeado
3073,Algebra,Teoria de Exponentes,tema_no_mapeado
3074,Algebra,Teoria de Exponentes,tema_no_mapeado
3075,Algebra,Teoria de Exponentes,tema_no_mapeado
3076,Algebra,Teoria de Exponentes,tema_no_mapeado
3150,Algebra,Teoria de Exponentes,tema_no_mapeado
3151,Algebra,Teoria de Exponentes,tema_no_mapeado
3152,Algebra,Teoria de Exponentes,tema_no_mapeado
3153,Algebra,Teoria de Exponentes,tema_no_mapeado
3154,Algebra,Teoria de Exponentes,tema_no_mapeado
3155,Algebra,Teoria de Exponentes,tema_no_mapeado
3156,Algebra,Teoria de Exponentes,tema_no_mapeado
3157,Algebra,Teoria de Exponentes,tema_no_mapeado
3158,Algebra,Teoria de Exponentes,tema_no_mapeado
3159,Algebra,Teoria de Exponentes,tema_no_mapeado
3160,Algebra,Teoria de Exponentes,tema_no_mapeado
3161,Algebra,Teoria de Exponentes,tema_no_mapeado
3162,Algebra,Teoria de Exponentes,tema_no_mapeado
3163,Algebra,Teoria de Exponentes,tema_no_mapeado
3164,Algebra,Teoria de Exponentes,tema_no_mapeado
3165,Algebra,Teoria de Exponentes,tema_no_mapeado
3166,Algebra,Teoria de Exponentes,tema_no_mapeado
3167,Algebra,Teoria de Exponentes,tema_no_mapeado
3168,Algebra,Teoria de Exponentes,tema_no_mapeado
3169,Algebra,Teoria de Exponentes,tema_no_mapeado
3170,Algebra,Teoria de Exponentes,tema_no_mapeado
3171,Algebra,Teoria de Exponentes,tema_no_mapeado
3172,Algebra,Teoria de Exponentes,tema_no_mapeado
3173,Algebra,Teoria de Exponentes,tema_no_mapeado
3174,Algebra,Teoria de Exponentes,tema_no_mapeado
3175,Algebra,Teoria de Exponentes,tema_no_mapeado
3176,Algebra,Teoria de Exponentes,tema_no_mapeado
3177,Algebra,Teoria de Exponentes,tema_no_mapeado
3178,Algebra,Teoria de Exponentes,tema_no_mapeado
3179,Algebra,Teoria de Exponentes,tema_no_mapeado
3180,Algebra,Teoria de Exponentes,tema_no_mapeado
3181,Algebra,Teoria de Exponentes,tema_no_mapeado
3182,Algebra,Teoria de Exponentes,tema_no_mapeado
3183,Algebra,Teoria de Exponentes,tema_no_mapeado
3184,Algebra,Teoria de Exponentes,tema_no_mapeado
3185,Algebra,Teoria de Exponentes,tema_no_mapeado
3186,Algebra,Teoria de Exponentes,tema_no_mapeado
3187,Algebra,Teoria de Exponentes,tema_no_mapeado
3188,Algebra,Teoria de Exponentes,tema_no_mapeado
3189,Algebra,Teoria de Exponentes,tema_no_mapeado
3190,Algebra,Teoria de Exponentes,tema_no_mapeado
3191,Algebra,Teoria de Exponentes,tema_no_mapeado
3192,Algebra,Teoria de Exponentes,tema_no_mapeado
3193,Algebra,Teoria de Exponentes,tema_no_mapeado
3194,Algebra,Teoria de Exponentes,tema_no_mapeado
3195,Algebra,Teoria de Exponentes,tema_no_mapeado
3196,Algebra,Teoria de Exponentes,tema_no_mapeado
3197,Algebra,Teoria de Exponentes,tema_no_mapeado
3198,Algebra,Teoria de Exponentes,tema_no_mapeado
3199,Algebra,Teoria de Exponentes,tema_no_mapeado
3200,Algebra,Teoria de Exponentes,tema_no_mapeado
3201,Algebra,Teoria de Exponentes,tema_no_mapeado
3202,Algebra,Teoria de Exponentes,tema_no_mapeado
3203,Algebra,Teoria de Exponentes,tema_no_mapeado
3204,Algebra,Teoria de Exponentes,tema_no_mapeado
3205,Algebra,Teoria de Exponentes,tema_no_mapeado
3206,Algebra,Teoria de Exponentes,tema_no_mapeado
3207,Algebra,Teoria de Exponentes,tema_no_mapeado
3208,Algebra,Teoria de Exponentes,tema_no_mapeado
3209,Algebra,Teoria de Exponentes,tema_no_mapeado
3210,Algebra,Teoria de Exponentes,tema_no_mapeado
3211,Algebra,Teoria de Exponentes,tema_no_mapeado
3212,Algebra,Teoria de Exponentes,tema_no_mapeado
3213,Algebra,Teoria de Exponentes,tema_no_mapeado
3214,Algebra,Teoria de Exponentes,tema_no_mapeado
3215,Algebra,Teoria de Exponentes,tema_no_mapeado
3216,Algebra,Teoria de Exponentes,tema_no_mapeado
3217,Algebra,Teoria de Exponentes,tema_no_mapeado
3218,Algebra,Teoria de Exponentes,tema_no_mapeado
3219,Algebra,Teoria de Exponentes,tema_no_mapeado
3220,Algebra,Teoria de Exponentes,tema_no_mapeado
3221,Algebra,Teoria de Exponentes,tema_no_mapeado
3222,Algebra,Teoria de Exponentes,tema_no_mapeado
3223,Algebra,Teoria de Exponentes,tema_no_mapeado
3224,Algebra,Teoria de Exponentes,tema_no_mapeado
3225,Algebra,Teoria de Exponentes,tema_no_mapeado
3226,Algebra,Teoria de Exponentes,tema_no_mapeado
3227,Algebra,Teoria de Exponentes,tema_no_mapeado
3228,Algebra,Teoria de Exponentes,tema_no_mapeado
3229,Algebra,Teoria de Exponentes,tema_no_mapeado
3230,Algebra,Teoria de Exponentes,tema_no_mapeado
3231,Algebra,Teoria de Exponentes,tema_no_mapeado
3232,Algebra,Teoria de Exponentes,tema_no_mapeado
3233,Algebra,Teoria de Exponentes,tema_no_mapeado
3234,Algebra,Teoria de Exponentes,tema_no_mapeado
3235,Algebra,Teoria de Exponentes,tema_no_mapeado
3236,Algebra,Teoria de Exponentes,tema_no_mapeado
3237,Algebra,Teoria de Exponentes,tema_no_mapeado
3238,Algebra,Teoria de Exponentes,tema_no_mapeado
3239,Algebra,Teoria de Exponentes,tema_no_mapeado
3240,Algebra,Teoria de Exponentes,tema_no_mapeado
3241,Algebra,Teoria de Exponentes,tema_no_mapeado
3242,Algebra,Teoria de Exponentes,tema_no_mapeado
3243,Algebra,Teoria de Exponentes,tema_no_mapeado
3244,Algebra,Teoria de Exponentes,tema_no_mapeado
3245,Algebra,Teoria de Exponentes,tema_no_mapeado
3246,Algebra,Teoria de Exponentes,tema_no_mapeado
3247,Algebra,Teoria de Exponentes,tema_no_mapeado
3248,Algebra,Teoria de Exponentes,tema_no_mapeado
3249,Algebra,Teoria de Exponentes,tema_no_mapeado
3250,Algebra,Teoria de Exponentes,tema_no_mapeado
3251,Algebra,Teoria de Exponentes,tema_no_mapeado
3252,Algebra,Teoria de Exponentes,tema_no_mapeado
3253,Algebra,Teoria de Exponentes,tema_no_mapeado
3254,Algebra,Teoria de Exponentes,tema_no_mapeado
3255,Algebra,Teoria de Exponentes,tema_no_mapeado
3256,Algebra,Teoria de Exponentes,tema_no_mapeado
3329,Algebra,Teoria de Exponentes,tema_no_mapeado
3332,Algebra,Teoria de Exponentes,tema_no_mapeado
3361,Algebra,Teoria de Exponentes,tema_no_mapeado
3382,Algebra,Teoria de Exponentes,tema_no_mapeado
3383,Algebra,Teoria de Exponentes,tema_no_mapeado
3391,Algebra,Teoria de Exponentes,tema_no_mapeado
3392,Algebra,Teoria de Exponentes,tema_no_mapeado
3393,Algebra,Teoria de Exponentes,tema_no_mapeado
3394,Algebra,Teoria de Exponentes,tema_no_mapeado
3395,Algebra,Teoria de Exponentes,tema_no_mapeado
3396,Algebra,Teoria de Exponentes,tema_no_mapeado
3397,Algebra,Teoria de Exponentes,tema_no_mapeado
3398,Algebra,Teoria de Exponentes,tema_no_mapeado
3399,Algebra,Teoria de Exponentes,tema_no_mapeado
3400,Algebra,Teoria de Exponentes,tema_no_mapeado
3401,Algebra,Teoria de Exponentes,tema_no_mapeado
3402,Algebra,Teoria de Exponentes,tema_no_mapeado
3403,Algebra,Teoria de Exponentes,tema_no_mapeado
3411,Algebra,Teoria de Exponentes,tema_no_mapeado
3412,Algebra,Teoria de Exponentes,tema_no_mapeado
3413,Algebra,Teoria de Exponentes,tema_no_mapeado
3414,Algebra,Teoria de Exponentes,tema_no_mapeado
3415,Algebra,Teoria de Exponentes,tema_no_mapeado
3416,Algebra,Teoria de Exponentes,tema_no_mapeado
3417,Algebra,Teoria de Exponentes,tema_no_mapeado
3418,Algebra,Teoria de Exponentes,tema_no_mapeado
3419,Algebra,Teoria de Exponentes,tema_no_mapeado
3420,Algebra,Teoria de Exponentes,tema_no_mapeado
3421,Algebra,Teoria de Exponentes,tema_no_mapeado
3422,Algebra,Teoria de Exponentes,tema_no_mapeado
3423,Algebra,Teoria de Exponentes,tema_no_mapeado
3431,Algebra,Teoria de Exponentes,tema_no_mapeado
3432,Algebra,Teoria de Exponentes,tema_no_mapeado
3433,Algebra,Teoria de Exponentes,tema_no_mapeado
3434,Algebra,Teoria de Exponentes,tema_no_mapeado
3436,Algebra,Teoria de Exponentes,tema_no_mapeado
3437,Algebra,Teoria de Exponentes,tema_no_mapeado
3439,Algebra,Teoria de Exponentes,tema_no_mapeado
3440,Algebra,Teoria de Exponentes,tema_no_mapeado
3441,Algebra,Teoria de Exponentes,tema_no_mapeado
3446,Algebra,Teoria de Exponentes,tema_no_mapeado
3448,Algebra,Teoria de Exponentes,tema_no_mapeado
3449,Algebra,Teoria de Exponentes,tema_no_mapeado
3450,Algebra,Teoria de Exponentes,tema_no_mapeado
3452,Algebra,Teoria de Exponentes,tema_no_mapeado
3453,Algebra,Teoria de Exponentes,tema_no_mapeado
3505,Algebra,Teoria de Exponentes,tema_no_mapeado
3506,Algebra,Teoria de Exponentes,tema_no_mapeado
3507,Algebra,Teoria de Exponentes,tema_no_mapeado
3508,Algebra,Teoria de Exponentes,tema_no_mapeado
3509,Algebra,Teoria de Exponentes,tema_no_mapeado
3510,Algebra,Teoria de Exponentes,tema_no_mapeado
3513,Algebra,Teoria de Exponentes,tema_no_mapeado
3514,Algebra,Teoria de Exponentes,tema_no_mapeado
3515,Algebra,Teoria de Exponentes,tema_no_mapeado
3516,Algebra,Teoria de Exponentes,tema_no_mapeado
3517,Algebra,Teoria de Exponentes,tema_no_mapeado
3518,Algebra,Teoria de Exponentes,tema_no_mapeado
3519,Algebra,Teoria de Exponentes,tema_no_mapeado
3520,Algebra,Teoria de Exponentes,tema_no_mapeado
3521,Algebra,Teoria de Exponentes,tema_no_mapeado
3522,Algebra,Teoria de Exponentes,tema_no_mapeado
3523,Algebra,Teoria de Exponentes,tema_no_mapeado
3524,Algebra,Teoria de Exponentes,tema_no_mapeado
3525,Algebra,Teoria de Exponentes,tema_no_mapeado
3526,Algebra,Teoria de Exponentes,tema_no_mapeado
3527,Algebra,Teoria de Exponentes,tema_no_mapeado
3529,Algebra,Teoria de Exponentes,tema_no_mapeado
3530,Algebra,Teoria de Exponentes,tema_no_mapeado
3531,Algebra,Teoria de Exponentes,tema_no_mapeado
3532,Algebra,Teoria de Exponentes,tema_no_mapeado
3533,Algebra,Teoria de Exponentes,tema_no_mapeado
3534,Algebra,Teoria de Exponentes,tema_no_mapeado
3536,Algebra,Teoria de Exponentes,tema_no_mapeado
3540,Algebra,Teoria de Exponentes,tema_no_mapeado
3541,Algebra,Teoria de Exponentes,tema_no_mapeado
3542,Algebra,Teoria de Exponentes,tema_no_mapeado
3544,Algebra,Teoria de Exponentes,tema_no_mapeado
3545,Algebra,Teoria de Exponentes,tema_no_mapeado
3546,Algebra,Teoria de Exponentes,tema_no_mapeado
3547,Algebra,Teoria de Exponentes,tema_no_mapeado
3548,Algebra,Teoria de Exponentes,tema_no_mapeado
3549,Algebra,Teoria de Exponentes,tema_no_mapeado
3550,Algebra,Teoria de Exponentes,tema_no_mapeado
3551,Algebra,Teoria de Exponentes,tema_no_mapeado
3552,Algebra,Teoria de Exponentes,tema_no_mapeado
3553,Algebra,Teoria de Exponentes,tema_no_mapeado
3558,Algebra,Teoria de Exponentes,tema_no_mapeado
3559,Algebra,Teoria de Exponentes,tema_no_mapeado
3941,Razonamiento Matematico,Conteo de Figuras,curso_no_objetivo_o_no_mapeado
3943,Razonamiento Matematico,Planteo de Ecuaciones,curso_no_objetivo_o_no_mapeado
3954,Estadistica,Distribucion de Frecuencias,curso_no_objetivo_o_no_mapeado
3999,Algebra,Teoria de Exponentes,tema_no_mapeado
4000,Algebra,Teoria de Exponentes,tema_no_mapeado
4001,Algebra,Teoria de Exponentes,tema_no_mapeado
4005,Algebra,Teoria de Exponentes,tema_no_mapeado
4008,Algebra,Teoria de Exponentes,tema_no_mapeado
4013,Algebra,Teoria de Exponentes,tema_no_mapeado
4014,Algebra,Teoria de Exponentes,tema_no_mapeado
4015,Algebra,Teoria de Exponentes,tema_no_mapeado
4016,Algebra,Teoria de Exponentes,tema_no_mapeado
4017,Algebra,Teoria de Exponentes,tema_no_mapeado
4018,Algebra,Teoria de Exponentes,tema_no_mapeado
4022,,,curso_no_objetivo_o_no_mapeado
4042,Algebra,Teoria de Exponentes,tema_no_mapeado
4043,Algebra,Teoria de Exponentes,tema_no_mapeado
4044,Algebra,Teoria de Exponentes,tema_no_mapeado
4046,Algebra,Teoria de Exponentes,tema_no_mapeado
4049,Algebra,Teoria de Exponentes,tema_no_mapeado
4050,Algebra,Teoria de Exponentes,tema_no_mapeado
4052,Algebra,Teoria de Exponentes,tema_no_mapeado
4053,Algebra,Teoria de Exponentes,tema_no_mapeado
4054,Algebra,Teoria de Exponentes,tema_no_mapeado
4056,Algebra,Teoria de Exponentes,tema_no_mapeado
4057,Algebra,Teoria de Exponentes,tema_no_mapeado
4058,Algebra,Teoria de Exponentes,tema_no_mapeado
4059,Algebra,Teoria de Exponentes,tema_no_mapeado
4062,Algebra,Teoria de Exponentes,tema_no_mapeado
4065,Algebra,Teoria de Exponentes,tema_no_mapeado
4068,Algebra,Teoria de Exponentes,tema_no_mapeado
4069,Algebra,Teoria de Exponentes,tema_no_mapeado
4070,Algebra,Teoria de Exponentes,tema_no_mapeado
4072,Algebra,Teoria de Exponentes,tema_no_mapeado
4074,Algebra,Teoria de Exponentes,tema_no_mapeado
4075,Algebra,Teoria de Exponentes,tema_no_mapeado
4077,Algebra,Teoria de Exponentes,tema_no_mapeado
4078,Algebra,Teoria de Exponentes,tema_no_mapeado
4081,Algebra,Teoria de Exponentes,tema_no_mapeado
4082,Algebra,Teoria de Exponentes,tema_no_mapeado
4083,Algebra,Teoria de Exponentes,tema_no_mapeado
4084,Algebra,Teoria de Exponentes,tema_no_mapeado
4086,Algebra,Teoria de Exponentes,tema_no_mapeado
4088,Algebra,Teoria de Exponentes,tema_no_mapeado
4089,Algebra,Teoria de Exponentes,tema_no_mapeado
4091,Algebra,Teoria de Exponentes,tema_no_mapeado
4094,Algebra,Teoria de Exponentes,tema_no_mapeado
4096,Algebra,Teoria de Exponentes,tema_no_mapeado
4097,Algebra,Teoria de Exponentes,tema_no_mapeado
4100,Algebra,Teoria de Exponentes,tema_no_mapeado
4102,Algebra,Teoria de Exponentes,tema_no_mapeado
6358,Geometria,SIN_TEMA,tema_no_mapeado
6359,Geometria,SIN_TEMA,tema_no_mapeado
6360,Geometria,SIN_TEMA,tema_no_mapeado
6361,Geometria,SIN_TEMA,tema_no_mapeado
6362,Geometria,SIN_TEMA,tema_no_mapeado
6363,Geometria,SIN_TEMA,tema_no_mapeado
6364,Geometria,SIN_TEMA,tema_no_mapeado
6365,Geometria,SIN_TEMA,tema_no_mapeado
6366,Geometria,SIN_TEMA,tema_no_mapeado
6367,Geometria,SIN_TEMA,tema_no_mapeado
6368,Geometria,SIN_TEMA,tema_no_mapeado
6369,Geometria,SIN_TEMA,tema_no_mapeado
6370,Geometria,SIN_TEMA,tema_no_mapeado
6371,Geometria,SIN_TEMA,tema_no_mapeado
6372,Geometria,SIN_TEMA,tema_no_mapeado
6373,Geometria,SIN_TEMA,tema_no_mapeado
6374,Geometria,SIN_TEMA,tema_no_mapeado
6375,Geometria,SIN_TEMA,tema_no_mapeado
6376,Geometria,SIN_TEMA,tema_no_mapeado
6377,Geometria,SIN_TEMA,tema_no_mapeado
6378,Geometria,SIN_TEMA,tema_no_mapeado
6379,Geometria,SIN_TEMA,tema_no_mapeado
6380,Geometria,SIN_TEMA,tema_no_mapeado
6381,Geometria,SIN_TEMA,tema_no_mapeado
6382,Geometria,SIN_TEMA,tema_no_mapeado
6383,Geometria,SIN_TEMA,tema_no_mapeado
6384,Geometria,SIN_TEMA,tema_no_mapeado
6385,Geometria,SIN_TEMA,tema_no_mapeado
6386,Geometria,SIN_TEMA,tema_no_mapeado
6387,Geometria,SIN_TEMA,tema_no_mapeado
6388,Geometria,SIN_TEMA,tema_no_mapeado
6389,Geometria,SIN_TEMA,tema_no_mapeado
6390,Geometria,SIN_TEMA,tema_no_mapeado
6391,Geometria,SIN_TEMA,tema_no_mapeado
6392,Geometria,SIN_TEMA,tema_no_mapeado
6393,Geometria,SIN_TEMA,tema_no_mapeado
6394,Geometria,SIN_TEMA,tema_no_mapeado
6395,Geometria,SIN_TEMA,tema_no_mapeado
6396,Geometria,SIN_TEMA,tema_no_mapeado
6397,Geometria,SIN_TEMA,tema_no_mapeado
6398,Geometria,SIN_TEMA,tema_no_mapeado
6399,Geometria,SIN_TEMA,tema_no_mapeado
6400,Geometria,SIN_TEMA,tema_no_mapeado
6401,Geometria,SIN_TEMA,tema_no_mapeado
6402,Geometria,SIN_TEMA,tema_no_mapeado
6403,Geometria,SIN_TEMA,tema_no_mapeado
6404,Geometria,SIN_TEMA,tema_no_mapeado
6405,Geometria,SIN_TEMA,tema_no_mapeado
6406,Geometria,SIN_TEMA,tema_no_mapeado
6407,Geometria,SIN_TEMA,tema_no_mapeado
6408,Geometria,SIN_TEMA,tema_no_mapeado
6409,Geometria,SIN_TEMA,tema_no_mapeado
6410,Geometria,SIN_TEMA,tema_no_mapeado
6411,Geometria,SIN_TEMA,tema_no_mapeado
6412,Geometria,SIN_TEMA,tema_no_mapeado
6413,Geometria,SIN_TEMA,tema_no_mapeado
6414,Geometria,SIN_TEMA,tema_no_mapeado
6415,Geometria,SIN_TEMA,tema_no_mapeado
6416,Geometria,SIN_TEMA,tema_no_mapeado
6417,Geometria,SIN_TEMA,tema_no_mapeado
6418,Geometria,SIN_TEMA,tema_no_mapeado
6419,Geometria,SIN_TEMA,tema_no_mapeado
6420,Geometria,SIN_TEMA,tema_no_mapeado
6421,Geometria,SIN_TEMA,tema_no_mapeado
6422,Geometria,SIN_TEMA,tema_no_mapeado
6423,Geometria,SIN_TEMA,tema_no_mapeado
6424,Geometria,SIN_TEMA,tema_no_mapeado
6425,Geometria,SIN_TEMA,tema_no_mapeado
6426,Geometria,SIN_TEMA,tema_no_mapeado
6427,Geometria,SIN_TEMA,tema_no_mapeado
6428,Geometria,SIN_TEMA,tema_no_mapeado
6429,Geometria,SIN_TEMA,tema_no_mapeado
6430,Geometria,SIN_TEMA,tema_no_mapeado
6431,Geometria,SIN_TEMA,tema_no_mapeado
6432,Geometria,SIN_TEMA,tema_no_mapeado
6433,Geometria,SIN_TEMA,tema_no_mapeado
6434,Geometria,SIN_TEMA,tema_no_mapeado
6435,Geometria,SIN_TEMA,tema_no_mapeado
6436,Geometria,SIN_TEMA,tema_no_mapeado
6437,Geometria,SIN_TEMA,tema_no_mapeado
6438,Geometria,SIN_TEMA,tema_no_mapeado
6439,Geometria,SIN_TEMA,tema_no_mapeado
6440,Geometria,SIN_TEMA,tema_no_mapeado
6441,Geometria,SIN_TEMA,tema_no_mapeado
6442,Geometria,SIN_TEMA,tema_no_mapeado
6443,Geometria,SIN_TEMA,tema_no_mapeado
6444,Geometria,SIN_TEMA,tema_no_mapeado
6445,Geometria,SIN_TEMA,tema_no_mapeado
6446,Geometria,SIN_TEMA,tema_no_mapeado
6447,Geometria,SIN_TEMA,tema_no_mapeado
6448,Geometria,SIN_TEMA,tema_no_mapeado
6449,Geometria,SIN_TEMA,tema_no_mapeado
6450,Geometria,SIN_TEMA,tema_no_mapeado
6451,Geometria,SIN_TEMA,tema_no_mapeado
6452,Geometria,SIN_TEMA,tema_no_mapeado
6453,Geometria,SIN_TEMA,tema_no_mapeado
6454,Geometria,SIN_TEMA,tema_no_mapeado
6455,Geometria,SIN_TEMA,tema_no_mapeado
6456,Geometria,SIN_TEMA,tema_no_mapeado
6457,Geometria,SIN_TEMA,tema_no_mapeado
6458,Geometria,SIN_TEMA,tema_no_mapeado
6459,Geometria,SIN_TEMA,tema_no_mapeado
6460,Geometria,SIN_TEMA,tema_no_mapeado
6461,Geometria,SIN_TEMA,tema_no_mapeado
6462,Geometria,SIN_TEMA,tema_no_mapeado
6463,Geometria,SIN_TEMA,tema_no_mapeado
6464,Geometria,SIN_TEMA,tema_no_mapeado
6465,Geometria,SIN_TEMA,tema_no_mapeado
6466,Geometria,SIN_TEMA,tema_no_mapeado
6467,Geometria,SIN_TEMA,tema_no_mapeado
6468,Geometria,SIN_TEMA,tema_no_mapeado
6469,Geometria,SIN_TEMA,tema_no_mapeado
6470,Geometria,SIN_TEMA,tema_no_mapeado
6471,Geometria,SIN_TEMA,tema_no_mapeado
6472,Geometria,SIN_TEMA,tema_no_mapeado
6473,Geometria,SIN_TEMA,tema_no_mapeado
6474,Geometria,SIN_TEMA,tema_no_mapeado
6475,Geometria,SIN_TEMA,tema_no_mapeado
6476,Geometria,SIN_TEMA,tema_no_mapeado
6477,Geometria,SIN_TEMA,tema_no_mapeado
6478,Geometria,SIN_TEMA,tema_no_mapeado
6479,Geometria,SIN_TEMA,tema_no_mapeado
6480,Geometria,SIN_TEMA,tema_no_mapeado
6481,Geometria,SIN_TEMA,tema_no_mapeado
6482,Geometria,SIN_TEMA,tema_no_mapeado
6483,Geometria,SIN_TEMA,tema_no_mapeado
6484,Geometria,SIN_TEMA,tema_no_mapeado
6485,Geometria,SIN_TEMA,tema_no_mapeado
6486,Geometria,SIN_TEMA,tema_no_mapeado
6487,Geometria,SIN_TEMA,tema_no_mapeado
6488,Geometria,SIN_TEMA,tema_no_mapeado
6489,Geometria,SIN_TEMA,tema_no_mapeado
6490,Geometria,SIN_TEMA,tema_no_mapeado
6491,Geometria,SIN_TEMA,tema_no_mapeado
6492,Geometria,SIN_TEMA,tema_no_mapeado
6493,Geometria,SIN_TEMA,tema_no_mapeado
6494,Geometria,SIN_TEMA,tema_no_mapeado
6495,Geometria,SIN_TEMA,tema_no_mapeado
6496,Geometria,SIN_TEMA,tema_no_mapeado
6497,Geometria,SIN_TEMA,tema_no_mapeado
6498,Geometria,SIN_TEMA,tema_no_mapeado
6499,Geometria,SIN_TEMA,tema_no_mapeado
6500,Geometria,SIN_TEMA,tema_no_mapeado
6501,Geometria,SIN_TEMA,tema_no_mapeado
6502,Geometria,SIN_TEMA,tema_no_mapeado
6503,Geometria,SIN_TEMA,tema_no_mapeado
6504,Geometria,SIN_TEMA,tema_no_mapeado
6505,Geometria,SIN_TEMA,tema_no_mapeado
6506,Geometria,SIN_TEMA,tema_no_mapeado
6507,Geometria,SIN_TEMA,tema_no_mapeado
6508,Geometria,SIN_TEMA,tema_no_mapeado
6509,Geometria,SIN_TEMA,tema_no_mapeado
6510,Geometria,SIN_TEMA,tema_no_mapeado
6511,Geometria,SIN_TEMA,tema_no_mapeado
6512,Geometria,SIN_TEMA,tema_no_mapeado
6513,Geometria,SIN_TEMA,tema_no_mapeado
6514,Geometria,SIN_TEMA,tema_no_mapeado
6515,Geometria,SIN_TEMA,tema_no_mapeado
6516,Geometria,SIN_TEMA,tema_no_mapeado
6517,Geometria,SIN_TEMA,tema_no_mapeado
6518,Geometria,SIN_TEMA,tema_no_mapeado
6519,Geometria,SIN_TEMA,tema_no_mapeado
6520,Geometria,SIN_TEMA,tema_no_mapeado
6521,Geometria,SIN_TEMA,tema_no_mapeado
6522,Geometria,SIN_TEMA,tema_no_mapeado
6523,Geometria,SIN_TEMA,tema_no_mapeado
6524,Geometria,SIN_TEMA,tema_no_mapeado
6525,Geometria,SIN_TEMA,tema_no_mapeado
6526,Geometria,SIN_TEMA,tema_no_mapeado
6527,Geometria,SIN_TEMA,tema_no_mapeado
6528,Geometria,SIN_TEMA,tema_no_mapeado
6529,Geometria,SIN_TEMA,tema_no_mapeado
6530,Geometria,SIN_TEMA,tema_no_mapeado
6531,Geometria,SIN_TEMA,tema_no_mapeado
6532,Geometria,SIN_TEMA,tema_no_mapeado
6533,Geometria,SIN_TEMA,tema_no_mapeado
6534,Geometria,SIN_TEMA,tema_no_mapeado
6535,Geometria,SIN_TEMA,tema_no_mapeado
6536,Geometria,SIN_TEMA,tema_no_mapeado
6537,Geometria,SIN_TEMA,tema_no_mapeado
6538,Geometria,SIN_TEMA,tema_no_mapeado
6539,Geometria,SIN_TEMA,tema_no_mapeado
6540,Geometria,SIN_TEMA,tema_no_mapeado
6541,Geometria,SIN_TEMA,tema_no_mapeado
6542,Geometria,SIN_TEMA,tema_no_mapeado
6543,Geometria,SIN_TEMA,tema_no_mapeado
6544,Geometria,SIN_TEMA,tema_no_mapeado
6545,Geometria,SIN_TEMA,tema_no_mapeado
6546,Geometria,SIN_TEMA,tema_no_mapeado
6547,Geometria,SIN_TEMA,tema_no_mapeado
6548,Geometria,SIN_TEMA,tema_no_mapeado
6549,Geometria,SIN_TEMA,tema_no_mapeado
6550,Geometria,SIN_TEMA,tema_no_mapeado
6551,Geometria,SIN_TEMA,tema_no_mapeado
6552,Geometria,SIN_TEMA,tema_no_mapeado
6553,Geometria,SIN_TEMA,tema_no_mapeado
6554,Geometria,SIN_TEMA,tema_no_mapeado
6555,Geometria,SIN_TEMA,tema_no_mapeado
6556,Geometria,SIN_TEMA,tema_no_mapeado
6557,Geometria,SIN_TEMA,tema_no_mapeado
6558,Geometria,SIN_TEMA,tema_no_mapeado
6559,Geometria,SIN_TEMA,tema_no_mapeado
6560,Geometria,SIN_TEMA,tema_no_mapeado
6561,Geometria,SIN_TEMA,tema_no_mapeado
6562,Geometria,SIN_TEMA,tema_no_mapeado
6563,Geometria,SIN_TEMA,tema_no_mapeado
6564,Geometria,SIN_TEMA,tema_no_mapeado
6565,Geometria,SIN_TEMA,tema_no_mapeado
6566,Geometria,SIN_TEMA,tema_no_mapeado
6567,Geometria,SIN_TEMA,tema_no_mapeado
6568,Geometria,SIN_TEMA,tema_no_mapeado
6569,Geometria,SIN_TEMA,tema_no_mapeado
6570,Geometria,SIN_TEMA,tema_no_mapeado
6571,Geometria,SIN_TEMA,tema_no_mapeado
6572,Geometria,SIN_TEMA,tema_no_mapeado
6573,Geometria,SIN_TEMA,tema_no_mapeado
6574,Geometria,SIN_TEMA,tema_no_mapeado
6575,Geometria,SIN_TEMA,tema_no_mapeado
6576,Geometria,SIN_TEMA,tema_no_mapeado
6577,Geometria,SIN_TEMA,tema_no_mapeado
6578,Geometria,SIN_TEMA,tema_no_mapeado
6579,Geometria,SIN_TEMA,tema_no_mapeado
6580,Geometria,SIN_TEMA,tema_no_mapeado
6581,Geometria,SIN_TEMA,tema_no_mapeado
6582,Geometria,SIN_TEMA,tema_no_mapeado
6583,Geometria,SIN_TEMA,tema_no_mapeado
6584,Geometria,SIN_TEMA,tema_no_mapeado
6585,Geometria,SIN_TEMA,tema_no_mapeado
6586,Geometria,SIN_TEMA,tema_no_mapeado
6587,Geometria,SIN_TEMA,tema_no_mapeado
6588,Geometria,SIN_TEMA,tema_no_mapeado
6589,Geometria,SIN_TEMA,tema_no_mapeado
6590,Geometria,SIN_TEMA,tema_no_mapeado
6591,Geometria,SIN_TEMA,tema_no_mapeado
6592,Geometria,SIN_TEMA,tema_no_mapeado
6593,Geometria,SIN_TEMA,tema_no_mapeado
6594,Geometria,SIN_TEMA,tema_no_mapeado
6595,Geometria,SIN_TEMA,tema_no_mapeado
6596,Geometria,SIN_TEMA,tema_no_mapeado
6597,Geometria,SIN_TEMA,tema_no_mapeado
6598,Geometria,SIN_TEMA,tema_no_mapeado
6599,Geometria,SIN_TEMA,tema_no_mapeado
6600,Geometria,SIN_TEMA,tema_no_mapeado
6601,Geometria,SIN_TEMA,tema_no_mapeado
6602,Geometria,SIN_TEMA,tema_no_mapeado
6603,Geometria,SIN_TEMA,tema_no_mapeado
6604,Geometria,SIN_TEMA,tema_no_mapeado
6605,Geometria,SIN_TEMA,tema_no_mapeado
6606,Geometria,SIN_TEMA,tema_no_mapeado
6607,Geometria,SIN_TEMA,tema_no_mapeado
6608,Geometria,SIN_TEMA,tema_no_mapeado
6609,Geometria,SIN_TEMA,tema_no_mapeado
6610,Geometria,SIN_TEMA,tema_no_mapeado
6611,Geometria,SIN_TEMA,tema_no_mapeado
6612,Geometria,SIN_TEMA,tema_no_mapeado
6613,Geometria,SIN_TEMA,tema_no_mapeado
6614,Geometria,SIN_TEMA,tema_no_mapeado
6615,Geometria,SIN_TEMA,tema_no_mapeado
6616,Geometria,SIN_TEMA,tema_no_mapeado
6617,Geometria,SIN_TEMA,tema_no_mapeado
6618,Geometria,SIN_TEMA,tema_no_mapeado
6619,Geometria,SIN_TEMA,tema_no_mapeado
6620,Geometria,SIN_TEMA,tema_no_mapeado
6621,Geometria,SIN_TEMA,tema_no_mapeado
6622,Geometria,SIN_TEMA,tema_no_mapeado
6623,Geometria,SIN_TEMA,tema_no_mapeado
6624,Geometria,SIN_TEMA,tema_no_mapeado
6625,Geometria,SIN_TEMA,tema_no_mapeado
6626,Geometria,SIN_TEMA,tema_no_mapeado
6627,Geometria,SIN_TEMA,tema_no_mapeado
6628,Geometria,SIN_TEMA,tema_no_mapeado
6629,Geometria,SIN_TEMA,tema_no_mapeado
6630,Geometria,SIN_TEMA,tema_no_mapeado
6631,Geometria,SIN_TEMA,tema_no_mapeado
6632,Geometria,SIN_TEMA,tema_no_mapeado
6633,Geometria,SIN_TEMA,tema_no_mapeado
6634,Geometria,SIN_TEMA,tema_no_mapeado
6635,Geometria,SIN_TEMA,tema_no_mapeado
6636,Geometria,SIN_TEMA,tema_no_mapeado
6637,Geometria,SIN_TEMA,tema_no_mapeado
6638,Geometria,SIN_TEMA,tema_no_mapeado
6639,Geometria,SIN_TEMA,tema_no_mapeado
6640,Geometria,SIN_TEMA,tema_no_mapeado
6641,Geometria,SIN_TEMA,tema_no_mapeado
6642,Geometria,SIN_TEMA,tema_no_mapeado
6643,Geometria,SIN_TEMA,tema_no_mapeado
6644,Geometria,SIN_TEMA,tema_no_mapeado
6645,Geometria,SIN_TEMA,tema_no_mapeado
6646,Geometria,SIN_TEMA,tema_no_mapeado
6647,Geometria,SIN_TEMA,tema_no_mapeado
6648,Geometria,SIN_TEMA,tema_no_mapeado
6649,Geometria,SIN_TEMA,tema_no_mapeado
6650,Geometria,SIN_TEMA,tema_no_mapeado
6651,Geometria,SIN_TEMA,tema_no_mapeado
6652,Geometria,SIN_TEMA,tema_no_mapeado
6653,Geometria,SIN_TEMA,tema_no_mapeado
6654,Geometria,SIN_TEMA,tema_no_mapeado
6655,Geometria,SIN_TEMA,tema_no_mapeado
7352,SIN_CURSO,SIN_TEMA,curso_no_objetivo_o_no_mapeado
7353,SIN_CURSO,SIN_TEMA,curso_no_objetivo_o_no_mapeado
7354,SIN_CURSO,SIN_TEMA,curso_no_objetivo_o_no_mapeado
7355,SIN_CURSO,SIN_TEMA,curso_no_objetivo_o_no_mapeado
7356,SIN_CURSO,SIN_TEMA,curso_no_objetivo_o_no_mapeado
7357,SIN_CURSO,SIN_TEMA,curso_no_objetivo_o_no_mapeado
7358,SIN_CURSO,SIN_TEMA,curso_no_objetivo_o_no_mapeado
7359,SIN_CURSO,SIN_TEMA,curso_no_objetivo_o_no_mapeado
8542,Geometria,Puntos Notables,tema_no_mapeado
8543,Geometria,Puntos Notables,tema_no_mapeado
8544,Geometria,Puntos Notables,tema_no_mapeado
8545,Geometria,Puntos Notables,tema_no_mapeado
8546,Geometria,Puntos Notables,tema_no_mapeado
8547,Geometria,Puntos Notables,tema_no_mapeado
8548,Geometria,Puntos Notables,tema_no_mapeado
8549,Geometria,Puntos Notables,tema_no_mapeado
8550,Geometria,Puntos Notables,tema_no_mapeado
8551,Geometria,Puntos Notables,tema_no_mapeado
8552,Geometria,Puntos Notables,tema_no_mapeado
8553,Geometria,Puntos Notables,tema_no_mapeado
8554,Geometria,Puntos Notables,tema_no_mapeado
8555,Geometria,Puntos Notables,tema_no_mapeado
8556,Geometria,Puntos Notables,tema_no_mapeado
8557,Geometria,Puntos Notables,tema_no_mapeado
8558,Geometria,Puntos Notables,tema_no_mapeado
8559,Geometria,Puntos Notables,tema_no_mapeado
8560,Geometria,Puntos Notables,tema_no_mapeado
8561,Geometria,Puntos Notables,tema_no_mapeado
8562,Geometria,Puntos Notables,tema_no_mapeado
8563,Geometria,Puntos Notables,tema_no_mapeado
8564,Geometria,Puntos Notables,tema_no_mapeado
8565,Geometria,Puntos Notables,tema_no_mapeado
8566,Geometria,Puntos Notables,tema_no_mapeado
8567,Geometria,Puntos Notables,tema_no_mapeado
8568,Geometria,Puntos Notables,tema_no_mapeado
8569,Geometria,Puntos Notables,tema_no_mapeado
8570,Geometria,Puntos Notables,tema_no_mapeado
8571,Geometria,Puntos Notables,tema_no_mapeado
8709,SIN_CURSO,SIN_TEMA,curso_no_objetivo_o_no_mapeado
8710,SIN_CURSO,SIN_TEMA,curso_no_objetivo_o_no_mapeado
8711,SIN_CURSO,SIN_TEMA,curso_no_objetivo_o_no_mapeado
8712,SIN_CURSO,SIN_TEMA,curso_no_objetivo_o_no_mapeado
8713,SIN_CURSO,SIN_TEMA,curso_no_objetivo_o_no_mapeado
8714,SIN_CURSO,SIN_TEMA,curso_no_objetivo_o_no_mapeado
8715,SIN_CURSO,SIN_TEMA,curso_no_objetivo_o_no_mapeado
8716,SIN_CURSO,SIN_TEMA,curso_no_objetivo_o_no_mapeado
8717,SIN_CURSO,SIN_TEMA,curso_no_objetivo_o_no_mapeado
8718,SIN_CURSO,SIN_TEMA,curso_no_objetivo_o_no_mapeado
8719,SIN_CURSO,SIN_TEMA,curso_no_objetivo_o_no_mapeado
8720,SIN_CURSO,SIN_TEMA,curso_no_objetivo_o_no_mapeado
8721,SIN_CURSO,SIN_TEMA,curso_no_objetivo_o_no_mapeado
8722,SIN_CURSO,SIN_TEMA,curso_no_objetivo_o_no_mapeado
8723,SIN_CURSO,SIN_TEMA,curso_no_objetivo_o_no_mapeado
8724,SIN_CURSO,SIN_TEMA,curso_no_objetivo_o_no_mapeado
8725,SIN_CURSO,SIN_TEMA,curso_no_objetivo_o_no_mapeado
8726,SIN_CURSO,SIN_TEMA,curso_no_objetivo_o_no_mapeado
8727,SIN_CURSO,SIN_TEMA,curso_no_objetivo_o_no_mapeado
8728,SIN_CURSO,SIN_TEMA,curso_no_objetivo_o_no_mapeado
8729,SIN_CURSO,SIN_TEMA,curso_no_objetivo_o_no_mapeado
8730,SIN_CURSO,SIN_TEMA,curso_no_objetivo_o_no_mapeado
8731,SIN_CURSO,SIN_TEMA,curso_no_objetivo_o_no_mapeado
8732,SIN_CURSO,SIN_TEMA,curso_no_objetivo_o_no_mapeado
8733,SIN_CURSO,SIN_TEMA,curso_no_objetivo_o_no_mapeado
8734,SIN_CURSO,SIN_TEMA,curso_no_objetivo_o_no_mapeado
8735,SIN_CURSO,SIN_TEMA,curso_no_objetivo_o_no_mapeado
8736,SIN_CURSO,SIN_TEMA,curso_no_objetivo_o_no_mapeado
8737,SIN_CURSO,SIN_TEMA,curso_no_objetivo_o_no_mapeado
8738,SIN_CURSO,SIN_TEMA,curso_no_objetivo_o_no_mapeado
8739,SIN_CURSO,SIN_TEMA,curso_no_objetivo_o_no_mapeado
8740,SIN_CURSO,SIN_TEMA,curso_no_objetivo_o_no_mapeado
8741,SIN_CURSO,SIN_TEMA,curso_no_objetivo_o_no_mapeado
8742,SIN_CURSO,SIN_TEMA,curso_no_objetivo_o_no_mapeado
8743,SIN_CURSO,SIN_TEMA,curso_no_objetivo_o_no_mapeado
8744,SIN_CURSO,SIN_TEMA,curso_no_objetivo_o_no_mapeado
8745,SIN_CURSO,SIN_TEMA,curso_no_objetivo_o_no_mapeado
8746,SIN_CURSO,SIN_TEMA,curso_no_objetivo_o_no_mapeado
8747,SIN_CURSO,SIN_TEMA,curso_no_objetivo_o_no_mapeado
8748,SIN_CURSO,SIN_TEMA,curso_no_objetivo_o_no_mapeado
8749,SIN_CURSO,SIN_TEMA,curso_no_objetivo_o_no_mapeado
8750,SIN_CURSO,SIN_TEMA,curso_no_objetivo_o_no_mapeado
8751,SIN_CURSO,SIN_TEMA,curso_no_objetivo_o_no_mapeado
8752,SIN_CURSO,SIN_TEMA,curso_no_objetivo_o_no_mapeado
8753,SIN_CURSO,SIN_TEMA,curso_no_objetivo_o_no_mapeado
8754,SIN_CURSO,SIN_TEMA,curso_no_objetivo_o_no_mapeado
8755,SIN_CURSO,SIN_TEMA,curso_no_objetivo_o_no_mapeado
8756,SIN_CURSO,SIN_TEMA,curso_no_objetivo_o_no_mapeado
8757,SIN_CURSO,SIN_TEMA,curso_no_objetivo_o_no_mapeado
8758,SIN_CURSO,SIN_TEMA,curso_no_objetivo_o_no_mapeado
8759,SIN_CURSO,SIN_TEMA,curso_no_objetivo_o_no_mapeado
8760,SIN_CURSO,SIN_TEMA,curso_no_objetivo_o_no_mapeado
8761,SIN_CURSO,SIN_TEMA,curso_no_objetivo_o_no_mapeado
8762,SIN_CURSO,SIN_TEMA,curso_no_objetivo_o_no_mapeado
8763,SIN_CURSO,SIN_TEMA,curso_no_objetivo_o_no_mapeado
8764,SIN_CURSO,SIN_TEMA,curso_no_objetivo_o_no_mapeado
8765,SIN_CURSO,SIN_TEMA,curso_no_objetivo_o_no_mapeado
8766,SIN_CURSO,SIN_TEMA,curso_no_objetivo_o_no_mapeado
8767,SIN_CURSO,SIN_TEMA,curso_no_objetivo_o_no_mapeado
8768,SIN_CURSO,SIN_TEMA,curso_no_objetivo_o_no_mapeado
8769,SIN_CURSO,SIN_TEMA,curso_no_objetivo_o_no_mapeado
8770,SIN_CURSO,SIN_TEMA,curso_no_objetivo_o_no_mapeado
8771,SIN_CURSO,SIN_TEMA,curso_no_objetivo_o_no_mapeado
8772,SIN_CURSO,SIN_TEMA,curso_no_objetivo_o_no_mapeado
8773,SIN_CURSO,SIN_TEMA,curso_no_objetivo_o_no_mapeado
8774,SIN_CURSO,SIN_TEMA,curso_no_objetivo_o_no_mapeado
8775,SIN_CURSO,SIN_TEMA,curso_no_objetivo_o_no_mapeado
8776,SIN_CURSO,SIN_TEMA,curso_no_objetivo_o_no_mapeado
8777,SIN_CURSO,SIN_TEMA,curso_no_objetivo_o_no_mapeado
8778,SIN_CURSO,SIN_TEMA,curso_no_objetivo_o_no_mapeado
8779,SIN_CURSO,SIN_TEMA,curso_no_objetivo_o_no_mapeado
8780,SIN_CURSO,SIN_TEMA,curso_no_objetivo_o_no_mapeado
8781,SIN_CURSO,SIN_TEMA,curso_no_objetivo_o_no_mapeado
8782,SIN_CURSO,SIN_TEMA,curso_no_objetivo_o_no_mapeado
8783,SIN_CURSO,SIN_TEMA,curso_no_objetivo_o_no_mapeado
8784,SIN_CURSO,SIN_TEMA,curso_no_objetivo_o_no_mapeado
8785,SIN_CURSO,SIN_TEMA,curso_no_objetivo_o_no_mapeado
8786,SIN_CURSO,SIN_TEMA,curso_no_objetivo_o_no_mapeado
8787,SIN_CURSO,SIN_TEMA,curso_no_objetivo_o_no_mapeado
8788,SIN_CURSO,SIN_TEMA,curso_no_objetivo_o_no_mapeado
8789,SIN_CURSO,SIN_TEMA,curso_no_objetivo_o_no_mapeado
8790,SIN_CURSO,SIN_TEMA,curso_no_objetivo_o_no_mapeado
8791,SIN_CURSO,SIN_TEMA,curso_no_objetivo_o_no_mapeado
8792,SIN_CURSO,SIN_TEMA,curso_no_objetivo_o_no_mapeado
9173,Geometria,puntos notables,tema_no_mapeado
9174,Geometria,puntos notables,tema_no_mapeado
9175,Geometria,puntos notables,tema_no_mapeado
9176,Geometria,puntos notables,tema_no_mapeado
9177,Geometria,puntos notables,tema_no_mapeado
9178,Geometria,puntos notables,tema_no_mapeado
9179,Geometria,puntos notables,tema_no_mapeado
9180,Geometria,puntos notables,tema_no_mapeado
9181,Geometria,puntos notables,tema_no_mapeado
9182,Geometria,puntos notables,tema_no_mapeado
9183,Geometria,puntos notables,tema_no_mapeado
9184,Geometria,puntos notables,tema_no_mapeado
9185,Geometria,puntos notables,tema_no_mapeado
9186,Geometria,puntos notables,tema_no_mapeado
9187,Geometria,puntos notables,tema_no_mapeado
9188,Geometria,puntos notables,tema_no_mapeado
9189,Geometria,puntos notables,tema_no_mapeado
9190,Geometria,puntos notables,tema_no_mapeado
9191,Geometria,puntos notables,tema_no_mapeado
9192,Geometria,puntos notables,tema_no_mapeado
9193,Geometria,puntos notables,tema_no_mapeado
9194,Geometria,puntos notables,tema_no_mapeado
9195,Geometria,puntos notables,tema_no_mapeado
9196,Geometria,puntos notables,tema_no_mapeado
9197,Geometria,puntos notables,tema_no_mapeado
9198,Geometria,puntos notables,tema_no_mapeado
9199,Geometria,puntos notables,tema_no_mapeado
9200,Geometria,puntos notables,tema_no_mapeado
9201,Geometria,puntos notables,tema_no_mapeado
9202,Geometria,puntos notables,tema_no_mapeado
9421,Geometria,acutángulo,tema_no_mapeado
9425,Geometria,semana_2,tema_no_mapeado
9426,geometria,semana_2,tema_no_mapeado
9428,geometria,semana_2,tema_no_mapeado
9429,geometria,semana_2,tema_no_mapeado
9430,geometria,semana_2,tema_no_mapeado
9431,geometria,semana_2,tema_no_mapeado
9432,geometria,semana_2,tema_no_mapeado
9433,geometria,semana_2,tema_no_mapeado
9434,Geometria,semana_2,tema_no_mapeado
9440,geometria,semana_2,tema_no_mapeado
9445,geometria,semana_2,tema_no_mapeado
9447,Geometria,acutángulo,tema_no_mapeado
9448,geometria,isósceles,tema_no_mapeado
9855,Geometria,semana_2,tema_no_mapeado
9856,Geometria,semana_2,tema_no_mapeado
9857,Geometria,semana_2,tema_no_mapeado
9860,Geometria,semana_2,tema_no_mapeado
9862,Geometria,acutángulo,tema_no_mapeado
9864,Geometria,acutángulo,tema_no_mapeado
9878,geometria,recto,tema_no_mapeado
